name,image,original pose,odometry,deviation (original - odometry),error
1,000000.png,0.0,0.0,0.0,
2,000001.png,0.0,0.0,0.0,
3,000002.png,1.716275,1.716275,0.0,0.0
4,000003.png,2.574964,2.7168639881163745,-0.1418999881163745,5.510756193732203
5,000004.png,3.432648,3.575795788409688,-0.14314778840968811,4.170185478082463
6,000005.png,4.291335,4.434785201796608,-0.1434502017966075,3.3427873096975063
7,000006.png,5.148987,5.292936734524164,-0.14394973452416426,2.795690385781985
8,000007.png,6.007777,6.152873573246609,-0.14509657324660896,2.4151457893095727
9,000008.png,6.865477,7.010299663713023,-0.14482266371302277,2.109433382604337
10,000009.png,7.724036,7.870511813846017,-0.14647581384601693,1.8963636866272626
11,000010.png,8.582886,8.731063372897685,-0.14817737289768473,1.7264283004304697
12,000011.png,9.440275,9.588812466702347,-0.14853746670234713,1.5734442768070542
13,000012.png,10.29896,10.448898127123673,-0.14993812712367394,1.455856971224997
14,000013.png,11.15757,11.30850096328897,-0.15093096328897104,1.352722530882361
15,000014.png,12.01541,12.167844774544793,-0.15243477454479404,1.2686606161986487
16,000015.png,12.86965,13.022797753133187,-0.15314775313318663,1.1899915936578433
17,000016.png,13.73146,13.885115908086094,-0.15365590808609397,1.1190063408122222
18,000017.png,14.60026,14.753092609050016,-0.15283260905001583,1.0467800508348195
19,000018.png,15.47957,15.633521970433677,-0.1539519704336758,0.9945493991995631
20,000019.png,16.3694,16.522570245155165,-0.15317024515516664,0.935710808918877
21,000020.png,17.26896,17.42166359756221,-0.15270359756220842,0.8842663227096965
22,000021.png,18.17318,18.325093947252512,-0.15191394725251328,0.8359238573134328
23,000022.png,19.08411,19.23678789411035,-0.15267789411035082,0.8000262737447585
24,000023.png,19.99722,20.150177124913338,-0.15295712491333902,0.7648919445469872
25,000024.png,20.91368,21.065411775340163,-0.15173177534016347,0.7255144734937299
26,000025.png,21.84042,21.990595975039795,-0.15017597503979374,0.6876057101456553
27,000026.png,22.77432,22.92476276553296,-0.15044276553296143,0.6605807134217901
28,000027.png,23.70953,23.860879374321758,-0.15134937432175732,0.6383482689102539
29,000028.png,24.65175,24.803298432031905,-0.15154843203190538,0.6147572972787141
30,000029.png,25.59694,25.7475677637824,-0.15062776378239917,0.588460041639349
31,000030.png,26.54471,26.69585558224985,-0.15114558224984975,0.5694000132224076
32,000031.png,27.49627,27.64739142892826,-0.15112142892825986,0.5496070155270509
33,000032.png,28.45466,28.602893593092436,-0.148233593092435,0.5209466326163623
34,000033.png,29.42293,29.57122966772395,-0.14829966772395053,0.5040275313299882
35,000034.png,30.39839,30.546859431973527,-0.14846943197352758,0.4884121559514421
36,000035.png,31.37765,31.526740827354878,-0.149090827354879,0.47514975581306756
37,000036.png,32.35714,32.50602699314694,-0.1488869931469381,0.46013644329176834
38,000037.png,33.33631,33.4847814169485,-0.14847141694850308,0.44537447890454307
39,000038.png,34.32021,34.468318357675884,-0.1481083576758806,0.43154851813517625
40,000039.png,35.33097,35.47980187738508,-0.14883187738507786,0.42125047057886567
41,000040.png,36.38751,36.53842430883422,-0.1509143088342242,0.4147420607626743
42,000041.png,37.4285,37.57964413762633,-0.15114413762633205,0.4038209856829209
43,000042.png,38.47151,38.624047959670726,-0.15253795967072392,0.39649589961694753
44,000043.png,39.50365,39.65822391545499,-0.15457391545498922,0.3912902110437624
45,000044.png,40.53855,40.69356096865585,-0.1550109686558514,0.3823791641680607
46,000045.png,41.56111,41.714178547669235,-0.1530685476692355,0.3682975446739404
47,000046.png,42.58303,42.73742592268859,-0.15439592268858604,0.36257617808922016
48,000047.png,43.59302,43.74593278592139,-0.15291278592138724,0.3507735548521007
49,000048.png,44.5979,44.75357355005282,-0.1556735500528177,0.34906026977238314
50,000049.png,45.59882,45.75123256848795,-0.1524125684879465,0.33424673815670336
51,000050.png,46.59803,46.75114114763212,-0.1531111476321172,0.32857858504343895
52,000051.png,47.59275,47.746824986607045,-0.15407498660704277,0.323736255221736
53,000052.png,48.57856,48.73191125005595,-0.15335125005594819,0.31567681309604106
54,000053.png,49.556,49.7086002293191,-0.15260022931910555,0.307934920734332
55,000054.png,50.53773,50.69182906080272,-0.1540990608027144,0.3049188414333497
56,000055.png,51.51845,51.67393191195666,-0.15548191195665595,0.3017985051115784
57,000056.png,52.49501,52.64932145081849,-0.15431145081848996,0.2939545126641369
58,000057.png,53.46498,53.62030295919966,-0.15532295919966543,0.29051345235641246
59,000058.png,54.42804,54.58200120319929,-0.1539612031992874,0.28287111422584277
60,000059.png,55.39178,55.545828098716086,-0.15404809871608904,0.2781064243035502
61,000060.png,56.35039,56.50477472393689,-0.15438472393689295,0.27397276919803565
62,000061.png,57.31251,57.467431405613446,-0.15492140561344314,0.27030992991485303
63,000062.png,58.274,58.429438491682674,-0.15543849168267343,0.2667372956767571
64,000063.png,59.2254,59.38198491929412,-0.15658491929411866,0.264388116068644
65,000064.png,60.16633,60.32197107103542,-0.15564107103541858,0.2586846680450986
66,000065.png,61.09125,61.24776473676926,-0.1565147367692603,0.25619828824792473
67,000066.png,62.00632,62.16155685066854,-0.15523685066853687,0.25035649699665596
68,000067.png,62.91678,63.071254690162284,-0.15447469016228155,0.2455222440854118
69,000068.png,63.81519,63.968448222072915,-0.15325822207291395,0.24015946998342236
70,000069.png,64.69786,64.85144184467552,-0.1535818446755144,0.23738319115271259
71,000070.png,65.56672,65.71990168205518,-0.1531816820551768,0.23362718472904664
72,000071.png,66.42163,66.57460643437562,-0.15297643437563124,0.230311171790923
73,000072.png,67.26455,67.41843002380136,-0.15388002380136356,0.22876838364541732
74,000073.png,68.09328,68.24486723652463,-0.1515872365246338,0.22261702847128792
75,000074.png,68.90994,69.060567083158,-0.15062708315799966,0.2185854220131372
76,000075.png,69.71424,69.85940253933565,-0.14516253933564371,0.20822509050610563
77,000076.png,70.50799,70.6542106169783,-0.14622061697829736,0.20738162721458567
78,000077.png,71.28437,71.42773364562287,-0.14336364562286974,0.20111511909675256
79,000078.png,72.03735,72.1808624507417,-0.14351245074169583,0.19921950313510398
80,000079.png,72.76791,72.91245269191037,-0.14454269191037383,0.19863521146941532
81,000080.png,73.48065,73.62594714937066,-0.14529714937066274,0.1977352532546497
82,000081.png,74.17539,74.32245038238857,-0.14706038238857388,0.19826034266698686
83,000082.png,74.85147,74.99815263429126,-0.1466826342912526,0.19596493467830706
84,000083.png,75.50744,75.65326369575239,-0.14582369575238374,0.1931249367643556
85,000084.png,76.13828,76.28266191822577,-0.1443819182257755,0.18963117925145606
86,000085.png,76.7501,76.89453457018521,-0.14443457018521144,0.18818811986591735
87,000086.png,77.34409,77.48661379078573,-0.14252379078573085,0.18427237399228677
88,000087.png,77.92534,78.06868606386298,-0.1433460638629782,0.18395308106833824
89,000088.png,78.49464,78.63527186906275,-0.14063186906274439,0.17916111095323753
90,000089.png,79.04953,79.19058322468724,-0.14105322468724069,0.17843651276261943
91,000090.png,79.5923,79.73386280815961,-0.14156280815961964,0.17785992886198745
92,000091.png,80.12304,80.26292661268593,-0.1398866126859275,0.17458974682678977
93,000092.png,80.63455,80.77474214240286,-0.14019214240285294,0.1738611332274477
94,000093.png,81.13538,81.27584522065024,-0.14046522065024192,0.17312449963288756
95,000094.png,81.62286,81.7630024854333,-0.14014248543330154,0.17169514206351202
96,000095.png,82.09701,82.2334362918059,-0.13642629180590404,0.166176931176792
97,000096.png,82.55594,82.69306767318916,-0.13712767318915553,0.16610273372110537
98,000097.png,83.00846,83.14572758622904,-0.13726758622904356,0.16536577865562566
99,000098.png,83.45454,83.58973031403427,-0.13519031403427562,0.16199276160922535
100,000099.png,83.8853,84.02159970172872,-0.13629970172871708,0.1624834169141877
101,000100.png,84.31338,84.45540847474288,-0.1420284747428866,0.1684530672864575
102,000101.png,84.72869,84.87354467030998,-0.14485467030998223,0.1709629528203283
103,000102.png,85.1182,85.26664985904728,-0.14844985904727537,0.17440436833400538
104,000103.png,85.50171,85.64270112987221,-0.14099112987220508,0.16489860831111455
105,000104.png,85.85373,85.98638585383954,-0.13265585383953749,0.15451379205019689
106,000105.png,86.20001,86.33746329366306,-0.13745329366305725,0.15945855883666052
107,000106.png,86.52588,86.65594001059468,-0.13006001059467565,0.15031342136557946
108,000107.png,86.8121,86.93646230501643,-0.12436230501643308,0.1432545751300027
109,000108.png,87.09558,87.21979521506746,-0.12421521506746558,0.14261942462231214
110,000109.png,87.34503,87.49254393160776,-0.1475139316077616,0.1688864628104903
111,000110.png,87.59401,87.72990620891564,-0.13589620891563925,0.15514326712025087
112,000111.png,87.8201,87.94884708547308,-0.1287470854730799,0.14660320982677075
113,000112.png,88.00813,88.14298595887391,-0.13485595887391355,0.1532312513331593
114,000113.png,88.18799,88.31485152984823,-0.1268615298482274,0.14385352228600223
115,000114.png,88.34349,88.49070603484034,-0.14721603484034063,0.16664050156988433
116,000115.png,88.50204,88.64015372704239,-0.13811372704239488,0.15605711127381344
117,000116.png,88.64159,88.78177897830757,-0.14018897830757737,0.15815259891838288
118,000117.png,88.74795,88.88783756729524,-0.13988756729523288,0.15762343501481765
119,000118.png,88.83995,88.97623714098523,-0.13628714098523176,0.1534074940218131
120,000119.png,88.93047,89.06646555384538,-0.1359955538453761,0.15292346239188445
121,000120.png,89.02315,89.1481722383887,-0.12502223838869497,0.14043789552346211
122,000121.png,89.12503,89.25009059586033,-0.12506059586033302,0.14032039693039433
123,000122.png,89.21056,89.33342492012542,-0.12286492012542283,0.1377246372239148
124,000123.png,89.27715,89.3935613683392,-0.1164113683392003,0.13039323985947163
125,000124.png,89.3295,89.44490644230623,-0.11540644230623798,0.1291918596949921
126,000125.png,89.3721,89.46494588111153,-0.09284588111152914,0.10388687421637081
127,000126.png,89.41899,89.50284234329548,-0.08385234329549007,0.09377464819887821
128,000127.png,89.47222,89.57038428422169,-0.09816428422169565,0.1097148189926389
129,000128.png,89.52059,89.64529750043565,-0.12470750043564749,0.13930594116464992
130,000129.png,89.55606,89.67669542800881,-0.12063542800881066,0.1347038134647847
131,000130.png,89.58341,89.72128101287988,-0.13787101287988435,0.15390239429363578
132,000131.png,89.60332,89.75202714811489,-0.1487071481148945,0.16596164976352942
133,000132.png,89.62101,89.77063138626895,-0.14962138626894728,0.16694900701180146
134,000133.png,89.63826,89.78652284062952,-0.14826284062951345,0.16540129251673721
135,000134.png,89.65473,89.82035952024107,-0.16562952024106892,0.1847415303588209
136,000135.png,89.67153,89.84108114199702,-0.16955114199701882,0.18908023761501427
137,000136.png,89.68785,89.87567705242573,-0.18782705242573172,0.2094230739456144
138,000137.png,89.70167,89.9060932049583,-0.20442320495830302,0.2278923067522634
139,000138.png,89.70786,89.91897736062704,-0.21111736062704267,0.23533875473904145
140,000139.png,89.71666,89.9428488998423,-0.22618889984229895,0.25211471296668747
141,000140.png,89.71954,89.95571964363728,-0.2361796436372856,0.2632421472928702
142,000141.png,89.72145,89.97410387548217,-0.2526538754821672,0.28159807435364365
143,000142.png,89.72018,89.97549746788262,-0.25531746788261955,0.284570837778769
144,000143.png,89.72729,89.99923561799648,-0.2719456179964794,0.30308016434741253
145,000144.png,89.73868,90.01584923742404,-0.2771692374240331,0.308862619133726
146,000145.png,89.75239,90.04493590589605,-0.29254590589604845,0.32594776127526903
147,000146.png,89.77631,90.06420856096057,-0.28789856096057065,0.32068433305018956
148,000147.png,89.80526,90.08006458083447,-0.2748045808344699,0.30600054031854024
149,000148.png,89.84339,90.11019512897525,-0.2668051289752498,0.2969668987059034
150,000149.png,89.88363,90.14917413844547,-0.26554413844547753,0.2954310350455111
151,000150.png,89.92948,90.1956463468818,-0.2661663468818034,0.29597229616117365
152,000151.png,89.97884,90.23882221529307,-0.2599822152930642,0.2889370604167204
153,000152.png,90.03338,90.3140099943818,-0.2806299943818118,0.3116955004708385
154,000153.png,90.08278,90.38197581183299,-0.2991958118329876,0.3321343011760823
155,000154.png,90.13241,90.46661717909744,-0.33420717909744724,0.37079578710637745
156,000155.png,90.18269,90.55963775714996,-0.37694775714996354,0.4179823834817564
157,000156.png,90.22769,90.56096463671359,-0.3332746367135968,0.3693706851118507
158,000157.png,90.27374,90.64902435215208,-0.3752843521520788,0.41571818355158296
159,000158.png,90.31732,90.65927231343615,-0.3419523134361526,0.3786121127555076
160,000159.png,90.365,90.7225318394381,-0.35753183943810996,0.39565300662658104
161,000160.png,90.41153,90.80021907112425,-0.3886890711242472,0.42991095397262635
162,000161.png,90.45782,90.87114505135419,-0.4133250513541924,0.4569257266582286
163,000162.png,90.49922,90.90923514240396,-0.41001514240396375,0.45305931079180994
164,000163.png,90.53737,90.99407389170453,-0.4567038917045352,0.5044368879994363
165,000164.png,90.56802,91.01373277015097,-0.445712770150962,0.4921304122039567
166,000165.png,90.58889,91.0414789529426,-0.45258895294259105,0.49960757101957093
167,000166.png,90.60259,91.06054805449207,-0.4579580544920674,0.5054580166991555
168,000167.png,90.60409,91.07122885568147,-0.46713885568146907,0.5155825257794312
169,000168.png,90.59833,91.07506226533103,-0.4767322653310231,0.5262042526954118
170,000169.png,90.58651,91.0855619332832,-0.49905193328319797,0.5509119771621601
171,000170.png,90.56241,91.07193540221239,-0.5095254022123896,0.56262350153048
172,000171.png,90.52962,91.06464356743102,-0.5350235674310255,0.5909928346446451
173,000172.png,90.49003,91.00455991189072,-0.514529911890719,0.5686039797872969
174,000173.png,90.44253,90.96923943543007,-0.5267094354300639,0.5823691966932635
175,000174.png,90.38673,90.89818199985032,-0.5114519998503226,0.5658485486202706
176,000175.png,90.32361,90.82015063332395,-0.4965406333239457,0.5497351504484218
177,000176.png,90.25165,90.73349087278616,-0.48184087278616516,0.5338859431225526
178,000177.png,90.17629,90.71332123404484,-0.5370312340448464,0.5955348507294395
179,000178.png,90.09176,90.64551407372954,-0.5537540737295501,0.6146556285830692
180,000179.png,90.0029,90.59215672236562,-0.5892567223656187,0.6547085953515039
181,000180.png,89.91031,90.58723153167777,-0.6769215316777775,0.752885327253101
182,000181.png,89.81611,90.50407989808855,-0.6879698980885536,0.7659760571778867
183,000182.png,89.72399,90.44259129496612,-0.7186012949661205,0.8009020719721899
184,000183.png,89.63442,90.35988718885538,-0.7254671888553759,0.8093622838808749
185,000184.png,89.54649,90.28513682428121,-0.7386468242812043,0.824875239980042
186,000185.png,89.46022,90.19145386652531,-0.7312338665253009,0.8173843821592444
187,000186.png,89.37856,90.11959960841432,-0.7410396084143258,0.8291022012598166
188,000187.png,89.3065,90.0477265110179,-0.7412265110178993,0.8299804728859593
189,000188.png,89.24451,89.96212398555724,-0.7176139855572359,0.804098745746081
190,000189.png,89.19325,89.92466369118381,-0.7314136911838034,0.8200325598448351
191,000190.png,89.1528,89.88719465403221,-0.734394654032215,0.8237482771513794
192,000191.png,89.12695,89.84628268910177,-0.7193326891017762,0.8070877429349665
193,000192.png,89.12113,89.84195858042433,-0.7208285804243388,0.8088189416183781
194,000193.png,89.13018,89.86760371432895,-0.7374237143289548,0.8273558006154086
195,000194.png,89.14842,89.88426441983034,-0.7358444198303431,0.8254149875346564
196,000195.png,89.19154,89.9295671168937,-0.73802711689369,0.8274631393220591
197,000196.png,89.25586,89.96681125290849,-0.7109512529084867,0.7965317379816705
198,000197.png,89.33556,90.05103199301986,-0.715471993019861,0.8008815224529415
199,000198.png,89.45093,90.15395989387103,-0.7030298938710331,0.78593916672642
200,000199.png,89.59271,90.28305617029885,-0.6903461702988523,0.7705383287310456
201,000200.png,89.75037,90.46736005279347,-0.716990052793463,0.7988714172358987
202,000201.png,89.94526,90.6632499074866,-0.7179899074865972,0.7982520785270921
203,000202.png,90.16419,90.87556885215399,-0.7113788521539846,0.7889815814393547
204,000203.png,90.3886,91.1453991362768,-0.756799136276797,0.8372727714300221
205,000204.png,90.66097,91.39816142244685,-0.7371914224468412,0.8131298644243947
206,000205.png,90.9416,91.69025357101759,-0.7486535710175986,0.8232245430227735
207,000206.png,91.27112,92.02604991085862,-0.7549299108586212,0.8271290095471834
208,000207.png,91.6203,92.36805226833908,-0.7477522683390845,0.81614256702836
209,000208.png,91.96615,92.70870585028275,-0.7425558502827556,0.8074230032275524
210,000209.png,92.35602,93.09385807315995,-0.7378380731599492,0.7989063118570389
211,000210.png,92.76492,93.49658997359244,-0.7316699735924317,0.7887356272095439
212,000211.png,93.17127,93.90083063641724,-0.7295606364172329,0.783031761204106
213,000212.png,93.61062,94.34184812688501,-0.7312281268850143,0.7811380021679317
214,000213.png,94.0612,94.79791230256278,-0.7367123025627791,0.7832265616032743
215,000214.png,94.50798,95.24702077454832,-0.7390407745483145,0.7819876951642756
216,000215.png,94.9816,95.72285279981489,-0.7412527998148875,0.7804172595691033
217,000216.png,95.44688,96.1859265326154,-0.7390465326154043,0.774301404734659
218,000217.png,95.92488,96.6618113838374,-0.7369313838374012,0.7682380044024045
219,000218.png,96.40217,97.14041898280743,-0.7382489828074341,0.7658012084244931
220,000219.png,96.88437,97.6193180578136,-0.7349480578135967,0.7585826876033738
221,000220.png,97.38035,98.11268126890438,-0.7323312689043746,0.7520318718348975
222,000221.png,97.88806,98.62277322902025,-0.734713229020258,0.7505647052564511
223,000222.png,98.40345,99.14099120025092,-0.7375412002509165,0.7495074616295633
224,000223.png,98.9283,99.66499765324534,-0.7366976532453435,0.7446783713511135
225,000224.png,99.46087,100.19703299914515,-0.7361629991451508,0.7401533881064492
226,000225.png,100.0024,100.73754430840997,-0.7351443084099714,0.7351266653700025
227,000226.png,100.5505,101.28291392174383,-0.7324139217438272,0.7284040574077973
228,000227.png,101.1106,101.83910525451671,-0.7285052545167048,0.7205033443740861
229,000228.png,101.6926,102.41547120221654,-0.7228712022165382,0.7108395322929478
230,000229.png,102.2853,103.01142270198895,-0.7261227019889418,0.709899371648655
231,000230.png,102.8883,103.60711357259352,-0.7188135725935183,0.6986349007550112
232,000231.png,103.4998,104.21433092106665,-0.714530921066654,0.6903693737250255
233,000232.png,104.1244,104.83642495531456,-0.7120249553145612,0.6838214244831771
234,000233.png,104.7544,105.46492788934162,-0.7105278893416198,0.6782797565941094
235,000234.png,105.3923,106.0951177229621,-0.7028177229620951,0.6668587012164029
236,000235.png,106.0354,106.74289345349669,-0.7074934534966957,0.6672238266623182
237,000236.png,106.6923,107.39783465740504,-0.705534657405039,0.6612798275086759
238,000237.png,107.3637,108.06839799408058,-0.7046979940805898,0.656365227801007
239,000238.png,108.0547,108.75846240978602,-0.7037624097860231,0.6513019885169484
240,000239.png,108.7607,109.46421175987017,-0.7035117598701675,0.6468437219236062
241,000240.png,109.4778,110.17596340087269,-0.6981634008726871,0.6377214383853961
242,000241.png,110.2002,110.89128608974107,-0.6910860897410771,0.627118725502383
243,000242.png,110.9295,111.61672803298495,-0.6872280329849474,0.6195178315821737
244,000243.png,111.6692,112.34902737613463,-0.6798273761346252,0.6087868240612677
245,000244.png,112.4214,113.10205167469398,-0.6806516746939764,0.6054467162781965
246,000245.png,113.1891,113.86325887087713,-0.674158870877136,0.5956040562891092
247,000246.png,113.9649,114.6349222578488,-0.6700222578487995,0.587919840098837
248,000247.png,114.7551,115.41622296752064,-0.6611229675206403,0.5761164144518547
249,000248.png,115.5643,116.22463638427533,-0.6603363842753254,0.571401708205151
250,000249.png,116.3732,117.02983321846568,-0.6566332184656858,0.5642477980030504
251,000250.png,117.1926,117.84868881436344,-0.6560888143634429,0.559838090769761
252,000251.png,118.0121,118.67000352801278,-0.6579035280127812,0.5574881965601672
253,000252.png,118.8364,119.49511214093539,-0.6587121409353927,0.5543016625675236
254,000253.png,119.6659,120.32157260546195,-0.6556726054619588,0.5479193366380555
255,000254.png,120.5026,121.15622144640516,-0.653621446405154,0.5424127333394914
256,000255.png,121.3427,121.98704477650041,-0.644344776500418,0.5310123942358445
257,000256.png,122.1809,122.8257769514099,-0.6448769514099126,0.5278050426948179
258,000257.png,123.0215,123.66147821925409,-0.6399782192540897,0.520216563165048
259,000258.png,123.8767,124.51116959018168,-0.6344695901816806,0.5121783113222104
260,000259.png,124.7241,125.35317130715603,-0.6290713071560248,0.5043702918329535
261,000260.png,125.5712,126.19788161490489,-0.6266816149048822,0.4990647655711518
262,000261.png,126.4226,127.04219849221452,-0.6195984922145215,0.4901010517221774
263,000262.png,127.2746,127.8856451046331,-0.6110451046330923,0.4800998036003195
264,000263.png,128.1205,128.71273188980854,-0.592231889808545,0.4622460026370058
265,000264.png,128.941,129.53054311859734,-0.5895431185973337,0.4572192852524284
266,000265.png,129.7485,130.33807015966894,-0.5895701596689378,0.4543945861947828
267,000266.png,130.5573,131.15522041238782,-0.5979204123878219,0.45797547313541404
268,000267.png,131.3828,131.97297679810023,-0.5901767981002308,0.4492040039489422
269,000268.png,132.2254,132.81900021896666,-0.5936002189666567,0.4489305526522564
270,000269.png,133.0601,133.65259706282922,-0.5924970628292101,0.44528529801887273
271,000270.png,133.8675,134.45791803775958,-0.5904180377595765,0.4410465854367762
272,000271.png,134.6626,135.2432087891666,-0.5806087891666039,0.4311581605929217
273,000272.png,135.4599,136.04445526876088,-0.5845552687608802,0.4315338109365799
274,000273.png,136.2625,136.84996272417584,-0.5874627241758503,0.43112574932637404
275,000274.png,137.0723,137.6541609705259,-0.581860970525895,0.42449201664077646
276,000275.png,137.8726,138.44883011910295,-0.5762301191029451,0.4179438982821424
277,000276.png,138.6688,139.24450720312097,-0.5757072031209702,0.41516707660336727
278,000277.png,139.4818,140.06095254142895,-0.5791525414289538,0.4152172838527706
279,000278.png,140.2662,140.8466338315655,-0.5804338315655002,0.413808766164265
280,000279.png,141.0669,141.64659163291404,-0.5796916329140345,0.41093384267608807
281,000280.png,141.8662,142.44752605883306,-0.5813260588330706,0.40977065631776327
282,000281.png,142.6598,143.2396071531979,-0.579807153197919,0.4064264447292924
283,000282.png,143.451,144.0321341504349,-0.5811341504349059,0.40510986360144297
284,000283.png,144.2346,144.8196198849541,-0.5850198849541073,0.4056030140854603
285,000284.png,145.0284,145.60960199648258,-0.5812019964825765,0.40075047127498925
286,000285.png,145.8298,146.41433038597393,-0.5845303859739204,0.40083054764795695
287,000286.png,146.6342,147.2171876312821,-0.5829876312820943,0.39757957644403175
288,000287.png,147.4395,148.0194404536814,-0.5799404536813881,0.3933413052007013
289,000288.png,148.2407,148.8158984990702,-0.5751984990701828,0.38801658321242605
290,000289.png,149.033,149.6048170241464,-0.5718170241464122,0.3836848376845479
291,000290.png,149.8199,150.38714715255603,-0.5672471525560354,0.3786193640204241
292,000291.png,150.6153,151.18804804046397,-0.5727480404639778,0.38027215061416586
293,000292.png,151.422,151.990891309164,-0.5688913091640018,0.3756992439434176
294,000293.png,152.237,152.803473294495,-0.5664732944950117,0.3720996173696353
295,000294.png,153.0488,153.6131754148773,-0.5643754148773041,0.3687552041422763
296,000295.png,153.8549,154.42325553272946,-0.5683555327294698,0.369410095310237
297,000296.png,154.6649,155.23355686621704,-0.5686568662170544,0.3676702769775524
298,000297.png,155.4826,156.05297918723153,-0.5703791872315378,0.36684438466525376
299,000298.png,156.3078,156.87671874445167,-0.568918744451679,0.3639733554254356
300,000299.png,157.136,157.7027102744523,-0.5667102744523049,0.3606495484499446
301,000300.png,157.9586,158.5244170160327,-0.5658170160326961,0.35820589447658824
302,000301.png,158.78,159.34664218172082,-0.5666421817208231,0.3568725165139332
303,000302.png,159.6018,160.16783006867774,-0.5660300686777475,0.3546514316741713
304,000303.png,160.4205,160.98666408907891,-0.5661640890789101,0.3529250245940576
305,000304.png,161.2383,161.80500166943688,-0.566701669436867,0.35146839766784127
306,000305.png,162.0549,162.61906973659052,-0.5641697365905145,0.34813494475669327
307,000306.png,162.8891,163.45107498867452,-0.5619749886745069,0.3450046618678026
308,000307.png,163.7286,164.28915092911217,-0.5605509291121678,0.3423659208667073
309,000308.png,164.5638,165.1246972757743,-0.5608972757743231,0.34083879673070455
310,000309.png,165.3868,165.94540989626344,-0.558609896263448,0.3377596617525994
311,000310.png,166.201,166.75933877816047,-0.5583387781604756,0.3359418885328461
312,000311.png,167.0187,167.57684079226516,-0.5581407922651636,0.33417862327102504
313,000312.png,167.8465,168.40413456707245,-0.557634567072455,0.33222889191758836
314,000313.png,168.6811,169.2388894599708,-0.5577894599708202,0.33067691636515306
315,000314.png,169.5173,170.0727701567058,-0.5554701567057805,0.3276775625294766
316,000315.png,170.3582,170.91206022438644,-0.5538602243864261,0.32511509536167094
317,000316.png,171.2012,171.75510691795637,-0.5539069179563683,0.32354149267433185
318,000317.png,172.0379,172.5912313259523,-0.5533313259522856,0.32163338773159034
319,000318.png,172.867,173.42017880535775,-0.55317880535776,0.3200025484087536
320,000319.png,173.6993,174.25266152942137,-0.5533615294213803,0.3185744153381046
321,000320.png,174.5517,175.10552961210092,-0.5538296121009125,0.3172868623456045
322,000321.png,175.4112,175.96422467564452,-0.5530246756445081,0.3152732981956158
323,000322.png,176.2661,176.81956960745515,-0.5534696074551562,0.3139966263820191
324,000323.png,177.1104,177.66474131519732,-0.5543413151973198,0.31299196162242293
325,000324.png,177.9477,178.5022273290754,-0.5545273290753983,0.31162376871148
326,000325.png,178.7853,179.34030891184477,-0.5550089118447659,0.3104331910088614
327,000326.png,179.6316,180.18717115858757,-0.5555711585875827,0.30928364418486654
328,000327.png,180.4893,181.04522573580547,-0.5559257358054879,0.30801035618481976
329,000328.png,181.3511,181.90808224792343,-0.556982247923429,0.30712923600873054
330,000329.png,182.2141,182.7713632479844,-0.5572632479843946,0.30582882882520873
331,000330.png,183.0694,183.62753538477915,-0.558135384779149,0.30487639374966485
332,000331.png,183.918,184.47451369356955,-0.5565136935695421,0.302587943306007
333,000332.png,184.7628,185.32009272042498,-0.5572927204249822,0.30162604183579284
334,000333.png,185.611,186.16926852850278,-0.5582685285027935,0.3007734070194081
335,000334.png,186.4714,187.0306744775186,-0.5592744775186134,0.2999250702888558
336,000335.png,187.3332,187.89404396856614,-0.5608439685661324,0.2993831144538888
337,000336.png,188.1818,188.74289798915126,-0.56109798915125,0.29816804236714173
338,000337.png,189.0202,189.58254248059083,-0.5623424805908428,0.29750390730241677
339,000338.png,189.8562,190.41836998900555,-0.5621699890055538,0.2961030448336972
340,000339.png,190.6947,191.2590756034597,-0.5643756034596947,0.295957676568722
341,000340.png,191.5357,192.10119285912012,-0.5654928591201269,0.29524149237981584
342,000341.png,192.3732,192.9389589737257,-0.5657589737257069,0.29409448599165944
343,000342.png,193.2083,193.7751811450225,-0.566881145022478,0.2934041368939523
344,000343.png,194.04,194.6081944324229,-0.5681944324228994,0.29282335210415344
345,000344.png,194.8635,195.43310018157234,-0.5696001815723548,0.29230727230720727
346,000345.png,195.6763,196.24748412861888,-0.5711841286188815,0.2919025597984434
347,000346.png,196.4897,197.06196729512212,-0.572267295122117,0.29124544193518387
348,000347.png,197.1957,197.76815494266023,-0.5724549426602437,0.2902978830979802
349,000348.png,197.9026,198.4756321582396,-0.5730321582395845,0.2895526174186618
350,000349.png,198.6091,199.1830831490555,-0.5739831490554934,0.28900143500750636
351,000350.png,199.3157,199.8891527117233,-0.5734527117233199,0.2877107582209128
352,000351.png,200.0222,200.59647196349346,-0.5742719634934588,0.28710411319016527
353,000352.png,200.7284,201.30342273402758,-0.5750227340275842,0.2864680503743288
354,000353.png,201.4342,202.01024508810679,-0.5760450881067811,0.28597183998883063
355,000354.png,202.1417,202.7185777352418,-0.5768777352418226,0.2853828454207235
356,000355.png,202.8477,203.42570632275104,-0.5780063227510368,0.2849459583475863
357,000356.png,203.5546,204.132398992126,-0.57779899212602,0.28385454916077557
358,000357.png,204.261,204.83914217892425,-0.5781421789242529,0.2830409030232168
359,000358.png,204.9666,205.546092782721,-0.5794927827209904,0.28272546976970414
360,000359.png,205.6732,206.25372474125007,-0.5805247412500592,0.2822558997720943
361,000360.png,206.379,206.96084471277317,-0.5818447127731758,0.2819301928845357
362,000361.png,207.0856,207.66877310292685,-0.5831731029268497,0.2816096835930889
363,000362.png,207.7971,208.38163566925488,-0.5845356692548762,0.2813011679445364
364,000363.png,208.4453,209.03022229502716,-0.5849222950271553,0.2806118895591099
365,000364.png,209.0931,209.6782105485753,-0.585110548575301,0.27983254759497134
366,000365.png,209.74,210.32477486514045,-0.5847748651404459,0.2788094141033879
367,000366.png,210.3757,210.96065959835187,-0.5849595983518725,0.2780547365270193
368,000367.png,211.0139,211.5977043965096,-0.5838043965096062,0.27666632222313614
369,000368.png,211.6498,212.2336411118819,-0.5838411118818954,0.2758524278699509
370,000369.png,212.2959,212.87985157517758,-0.5839515751775934,0.275064933038082
371,000370.png,212.9445,213.52841948563994,-0.5839194856399388,0.27421205320632314
372,000371.png,213.6019,214.1856531244998,-0.5837531244997933,0.27329023033025146
373,000372.png,214.2524,214.83624889890106,-0.5838488989010671,0.27250518495991977
374,000373.png,214.9028,215.48682932716866,-0.5840293271686505,0.2717644103141748
375,000374.png,215.5565,216.1404848535619,-0.5839848535619012,0.27091962133449987
376,000375.png,216.2172,216.80104435137275,-0.5838443513727611,0.27002678388803536
377,000376.png,216.8933,217.4767793229795,-0.5834793229794855,0.26901675753906895
378,000377.png,217.5788,218.16302655920174,-0.5842265592017384,0.26851263045928114
379,000378.png,218.2707,218.85533796866562,-0.5846379686656178,0.26784995359689495
380,000379.png,218.9643,219.5488860138438,-0.5845860138437899,0.2669777739310883
381,000380.png,219.6463,220.2309919286743,-0.5846919286743173,0.26619703071452483
382,000381.png,220.3174,220.9016122252913,-0.58421222529131,0.2651684457475034
383,000382.png,220.9704,221.55523139681424,-0.5848313968142236,0.2646650396678576
384,000383.png,221.6247,222.210296941898,-0.585596941898018,0.2642290962595857
385,000384.png,222.3055,222.89127771103873,-0.5857777110387303,0.2635012228841528
386,000385.png,222.9918,223.57797783682156,-0.5861778368215482,0.2628696825719817
387,000386.png,223.6723,224.25919871207753,-0.5868987120775273,0.26239221936624574
388,000387.png,224.3537,224.94139914940476,-0.5876991494047559,0.2619520647106582
389,000388.png,225.0278,225.61604710064526,-0.5882471006452477,0.2614108570786577
390,000389.png,225.7134,226.3017795728191,-0.5883795728190933,0.2606755171908683
391,000390.png,226.3991,226.98788117985978,-0.5887811798597795,0.2600633924162152
392,000391.png,227.0898,227.6788785715861,-0.5890785715861,0.2594033600743406
393,000392.png,227.7732,228.36278539695869,-0.5895853969586824,0.25884757160134836
394,000393.png,228.4545,229.04443628134658,-0.5899362813465814,0.2582292234762639
395,000394.png,229.1258,229.71617717875597,-0.590377178755972,0.2576650812592785
396,000395.png,229.7927,230.38353867548048,-0.5908386754804837,0.2571181223252452
397,000396.png,230.4543,231.04570646662202,-0.5914064666220327,0.2566263535208641
398,000397.png,231.1122,231.70428713621354,-0.5920871362135358,0.2561903422725134
399,000398.png,231.769,232.36132398249285,-0.592323982492843,0.2555665263658397
400,000399.png,232.4182,233.01109631611874,-0.5928963161187255,0.2550989191546641
401,000400.png,233.0405,233.63371550864179,-0.5932155086417765,0.2545546841179008
402,000401.png,233.65,234.24353871320855,-0.5935387132085452,0.2540289806156838
403,000402.png,234.2476,234.84138001114363,-0.5937800111436218,0.2534839251901073
404,000403.png,234.8182,235.411708424999,-0.5935084249990155,0.2527523100845741
405,000404.png,235.3659,235.95948087330748,-0.5935808733074737,0.25219493278655647
406,000405.png,235.8968,236.49050130924877,-0.5937013092487575,0.25167840735811486
407,000406.png,236.4174,237.0124869205658,-0.5950869205658194,0.25171028890674685
408,000407.png,236.9317,237.52718072141076,-0.5954807214107518,0.25133011809342176
409,000408.png,237.4372,238.03163862982103,-0.5944386298210418,0.25035614883474105
410,000409.png,237.9427,238.53585174513628,-0.5931517451362822,0.24928343888519475
411,000410.png,238.4416,239.03892011883104,-0.5973201188310497,0.2505100279611652
412,000411.png,238.9201,239.52111777062944,-0.6010177706294542,0.25155596813723674
413,000412.png,239.3949,239.9739666032782,-0.5790666032781928,0.24188761050389662
414,000413.png,239.8316,240.41454447061292,-0.5829444706129152,0.24306407938441604
415,000414.png,240.2766,240.86541527359014,-0.5888152735901429,0.24505726882690318
416,000415.png,240.7091,241.30629422171796,-0.597194221717956,0.2480978997960426
417,000416.png,241.0925,241.67351796095045,-0.5810179609504473,0.24099379323307335
418,000417.png,241.4794,242.05500359516654,-0.575603595166541,0.23836550660906933
419,000418.png,241.8486,242.400432105368,-0.5518321053679927,0.22817254487641964
420,000419.png,242.1616,242.7548060090126,-0.5932060090126186,0.2449628714926803
421,000420.png,242.4928,243.08468804064543,-0.5918880406454434,0.24408478958775
422,000421.png,242.8099,243.36766023974747,-0.5577602397474664,0.22971066655332684
423,000422.png,243.0702,243.65475558690977,-0.5845555869097723,0.24048838027441138
424,000423.png,243.3442,243.9371740346046,-0.5929740346045946,0.24367707740911623
425,000424.png,243.5912,244.1647193159599,-0.5735193159599135,0.23544336411164013
426,000425.png,243.7845,244.3872220756855,-0.6027220756854774,0.2472356018062992
427,000426.png,243.9919,244.55029048599664,-0.5583904859966538,0.22885615710876214
428,000427.png,244.1844,244.71268605632383,-0.5282860563238216,0.21634717710214968
429,000428.png,244.32,244.86743981738343,-0.5474398173834345,0.22406672289760746
430,000429.png,244.4743,245.02688486509095,-0.5525848650909495,0.2260298383474048
431,000430.png,244.5719,245.15171786535043,-0.5798178653504351,0.23707460478919906
432,000431.png,244.6831,245.2692664089913,-0.5861664089913177,0.23956146092284988
433,000432.png,244.7727,245.38247000070317,-0.609770000703179,0.2491168339864613
434,000433.png,244.8251,245.45090069926877,-0.6258006992687797,0.2556113320361269
435,000434.png,244.8844,245.51510030073044,-0.6307003007304388,0.25755021582854554
436,000435.png,244.926,245.49513825634773,-0.5691382563477418,0.2323715148035496
437,000436.png,244.9414,245.50256883214468,-0.5611688321446877,0.2291033006852609
438,000437.png,244.9539,245.5195302078049,-0.5656302078049009,0.23091292190281554
439,000438.png,244.952,245.5384932515871,-0.5864932515871146,0.23943190975665218
440,000439.png,244.9457,245.57484028983723,-0.6291402898372382,0.2568488811345691
441,000440.png,244.9283,245.6022896018601,-0.6739896018600859,0.27517832845779194
442,000441.png,244.9021,245.58746475110922,-0.6853647511092333,0.27985254152954725
443,000442.png,244.8764,245.5798965360055,-0.7034965360055025,0.2872863763129083
444,000443.png,244.8503,245.54803917689944,-0.6977391768994323,0.2849656205850809
445,000444.png,244.824,245.55443113542714,-0.7304311354271249,0.2983494818429259
446,000445.png,244.7978,245.55154709672368,-0.7537470967236857,0.3079059929148406
447,000446.png,244.7709,245.54616703727257,-0.7752670372725561,0.31673170187818733
448,000447.png,244.7438,245.49135058481954,-0.7475505848195496,0.30544209284139157
449,000448.png,244.7179,245.4864712277074,-0.7685712277074117,0.3140641643735141
450,000449.png,244.6758,245.4778141849954,-0.8020141849953859,0.3277864770424316
451,000450.png,244.6048,245.48756811138693,-0.8827681113869232,0.3608956616496991
452,000451.png,244.5279,245.49059402662874,-0.9626940266287534,0.39369496349036387
453,000452.png,244.4614,245.48099494069996,-1.0195949406999603,0.41707809114238903
454,000453.png,244.3907,245.4601788456045,-1.0694788456044932,0.437610287791022
455,000454.png,244.3343,245.45561961820152,-1.121319618201511,0.4589284509794617
456,000455.png,244.2845,245.49983332445157,-1.2153333244515636,0.4975073426482497
457,000456.png,244.235,245.5194212844788,-1.284421284478782,0.5258956678931284
458,000457.png,244.1891,245.53785543257652,-1.3487554325765245,0.5523405559775292
459,000458.png,244.141,245.61628570482233,-1.4752857048223404,0.6042760965271464
460,000459.png,244.1009,245.65040416292146,-1.5495041629214654,0.6347801925029631
461,000460.png,244.0565,245.66292552507016,-1.606425525070165,0.6582187014360056
462,000461.png,244.016,245.66758969021086,-1.6515896902108693,0.6768366378478744
463,000462.png,243.9692,245.67449681957243,-1.7052968195724247,0.6989803711175119
464,000463.png,243.9267,245.66667712223938,-1.7399771222393667,0.7133196662109423
465,000464.png,243.8841,245.6621840532459,-1.7780840532459194,0.7290692805500315
466,000465.png,243.8403,245.67649096984715,-1.836190969847138,0.7530301471279103
467,000466.png,243.7937,245.6651890896765,-1.871489089676487,0.7676527694015419
468,000467.png,243.7424,245.66914650182156,-1.9267465018215546,0.7904847502205421
469,000468.png,243.7224,245.64000231621375,-1.9176023162137597,0.7867977322616878
470,000469.png,243.7018,245.65248942034253,-1.9506894203425418,0.8004411212155764
471,000470.png,243.6638,245.62750060245733,-1.9637006024573225,0.8059057613224954
472,000471.png,243.6298,245.61015875977512,-1.9803587597751289,0.8128557178863707
473,000472.png,243.5838,245.59380173929864,-2.0100017392986445,0.825178743126039
474,000473.png,243.5406,245.56408346670915,-2.0234834667091377,0.8308608366363299
475,000474.png,243.489,245.52010404735285,-2.031104047352841,0.8341666553120842
476,000475.png,243.4415,245.51464155118194,-2.0731415511819478,0.8515974273827378
477,000476.png,243.3929,245.47822939319676,-2.0853293931967585,0.8567749483229619
478,000477.png,243.3482,245.44533787147137,-2.097137871471375,0.8617848299150662
479,000478.png,243.315,245.4281452274495,-2.1131452274495075,0.8684812804181853
480,000479.png,243.2849,245.429571875153,-2.1446718751529943,0.8815474676615747
481,000480.png,243.2585,245.41965850037414,-2.1611585003741425,0.8884205486649562
482,000481.png,243.2298,245.41899464350678,-2.1891946435067666,0.9000519852036084
483,000482.png,243.2081,245.4089963138576,-2.200896313857612,0.9049436732812813
484,000483.png,243.1749,245.41014416156023,-2.2352441615602174,0.9191919731683728
485,000484.png,243.1391,245.40308122538437,-2.263981225384356,0.9311465023043829
486,000485.png,243.1145,245.3695286645074,-2.255028664507421,0.9275582758360447
487,000486.png,243.091,245.35897652043326,-2.267976520433251,0.9329742855281566
488,000487.png,243.0551,245.30015318394487,-2.2450531839448615,0.9236807554932447
489,000488.png,243.0172,245.30713013442542,-2.2899301344254184,0.9422913828426212
490,000489.png,242.9795,245.3093627423772,-2.329862742377202,0.9588721445130975
491,000490.png,242.9405,245.34361328695925,-2.403113286959268,0.9891777151027795
492,000491.png,242.898,245.34229572973334,-2.4442957297333407,1.0063054161554814
493,000492.png,242.8504,245.33575679445195,-2.4853567944519455,1.02341062417519
494,000493.png,242.7995,245.3137880638573,-2.5142880638572933,1.0355408737898113
495,000494.png,242.7426,245.2834350957792,-2.5408350957791868,1.0467198982705084
496,000495.png,242.6828,245.2732116552711,-2.5904116552711116,1.0674063655401669
497,000496.png,242.6121,245.23099404453706,-2.6188940445370577,1.079457308410033
498,000497.png,242.5362,245.1812892534818,-2.6450892534817854,1.0905956527239171
499,000498.png,242.4553,245.10373240290596,-2.648432402905968,1.0923384239923681
500,000499.png,242.3767,245.0594541165675,-2.6827541165675086,1.1068531408206765
501,000500.png,242.2959,244.9895686244798,-2.6936686244798125,1.1117268696993274
502,000501.png,242.2181,244.92615107902418,-2.7080510790241874,1.1180217659308644
503,000502.png,242.143,244.88265216334514,-2.7396521633451414,1.131419104969023
504,000503.png,242.0695,244.864361180588,-2.7948611805879864,1.1545697333154266
505,000504.png,241.9973,244.8509220598585,-2.853622059858509,1.1791958256800836
506,000505.png,241.929,244.77467106340941,-2.8456710634094122,1.1762422295009745
507,000506.png,241.8648,244.7465305077889,-2.8817305077888875,1.1914633744922318
508,000507.png,241.8054,244.7152502358468,-2.909850235846818,1.2033851336019867
509,000508.png,241.7488,244.68249510089316,-2.933695100893175,1.213530367428163
510,000509.png,241.6958,244.62882862503008,-2.93302862503009,1.213520725238126
511,000510.png,241.6471,244.5863976061483,-2.939297606148301,1.216359561587249
512,000511.png,241.6056,244.54828090294052,-2.942680902940509,1.2179688314097477
513,000512.png,241.5665,244.49739600867795,-2.930896008677962,1.2132874420409958
514,000513.png,241.5237,244.52389697318168,-3.000196973181687,1.2421956823209015
515,000514.png,241.4841,244.49818530469724,-3.0140853046972325,1.2481506255265802
516,000515.png,241.4491,244.4520815641865,-3.0029815641865127,1.2437327636286541
517,000516.png,241.4221,244.38323765196955,-2.961137651969551,1.226539596818001
518,000517.png,241.3995,244.36279617932402,-2.9632961793240327,1.2275485986193146
519,000518.png,241.3788,244.37161676633525,-2.9928167663352383,1.239883853236174
520,000519.png,241.3618,244.36888199071072,-3.0070819907107307,1.2458814902402662
521,000520.png,241.3461,244.36920412563506,-3.023104125635058,1.252601192078537
522,000521.png,241.3305,244.3791991274563,-3.0486991274563024,1.2632879505310362
523,000522.png,241.3224,244.3591026796007,-3.0367026796007224,1.2583592238435894
524,000523.png,241.3183,244.3639694871693,-3.045669487169306,1.262096362840823
525,000524.png,241.3176,244.3843004983033,-3.0667004983033053,1.2708150993973524
526,000525.png,241.3211,244.3942987421834,-3.0731987421833935,1.273489447123933
527,000526.png,241.329,244.4088590232868,-3.0798590232867866,1.2762075934872255
528,000527.png,241.3375,244.4218797921064,-3.084379792106404,1.2780358593697223
529,000528.png,241.3477,244.4219443541368,-3.0742443541367948,1.273782329036819
530,000529.png,241.3569,244.39749840129403,-3.0405984012940337,1.259793443358791
531,000530.png,241.3655,244.40215193845734,-3.0366519384573394,1.258113499426115
532,000531.png,241.3751,244.41601117749707,-3.0409111774970654,1.2598280342492103
533,000532.png,241.3865,244.4366599513858,-3.0501599513857798,1.2636000569152706
534,000533.png,241.3993,244.4189562418968,-3.019656241896797,1.250896850942317
535,000534.png,241.411,244.43548738734043,-3.0244873873404288,1.2528374379545375
536,000535.png,241.4211,244.44607880365132,-3.0249788036513223,1.2529885762476114
537,000536.png,241.4288,244.43821044632702,-3.009410446327024,1.246500188182613
538,000537.png,241.4357,244.43821044632702,-3.0025104463270225,1.2436066606251779
539,000538.png,241.4423,244.43821044632702,-2.9959104463270307,1.2408390933680762
540,000539.png,241.4481,244.43821044632702,-2.9901104463270087,1.2384071137138823
541,000540.png,241.4535,244.43821044632702,-2.9847104463270284,1.236142961823717
542,000541.png,241.4576,244.43821044632702,-2.980610446327006,1.2344239511727964
543,000542.png,241.4586,244.43821044632702,-2.9796104463270296,1.234004689138026
544,000543.png,241.4574,244.43821044632702,-2.9808104463270126,1.2345078039964865
545,000544.png,241.4564,244.43821044632702,-2.9818104463270174,1.234927070198602
546,000545.png,241.4562,244.43821044632702,-2.982010446327024,1.2350109238557652
547,000546.png,241.4561,244.43821044632702,-2.9821104463270274,1.2350528507364393
548,000547.png,241.4563,244.43821044632702,-2.9819104463270207,1.2349689970098194
549,000548.png,241.4591,244.43821044632702,-2.979110446327013,1.2337950594229055
550,000549.png,241.4626,244.43821044632702,-2.9756104463270105,1.2323276757257688
551,000550.png,241.4683,244.43821044632702,-2.9699104463270203,1.2299380276115002
552,000551.png,241.4733,244.43821044632702,-2.964910446327025,1.2278419379397327
553,000552.png,241.4828,244.43821044632702,-2.955410446327022,1.223859606699534
554,000553.png,241.488,244.43821044632702,-2.95021044632702,1.2216799370266929
555,000554.png,241.4935,244.43821044632702,-2.944710446327008,1.2193746193280597
556,000555.png,241.4981,244.43821044632702,-2.940110446327026,1.2174466160715243
557,000556.png,241.5018,244.43821044632702,-2.9364104463270166,1.215895884141243
558,000557.png,241.506,244.43821044632702,-2.9322104463270193,1.2141356514235753
559,000558.png,241.5077,244.43821044632702,-2.9305104463270197,1.2134231936816176
560,000559.png,241.509,244.43821044632702,-2.9292104463270334,1.2128783798231262
561,000560.png,241.5123,244.43821044632702,-2.925910446327009,1.2114954171390067
562,000561.png,241.5161,244.43821044632702,-2.922110446327025,1.2099029614700738
563,000562.png,241.5229,244.43821044632702,-2.9153104463270267,1.2070534290235115
564,000563.png,241.5303,244.46402767352657,-2.933727673526562,1.2146416716770367
565,000564.png,241.5417,244.47798146791055,-2.936281467910561,1.2156416336850164
566,000565.png,241.556,244.4984814602451,-2.942481460245091,1.2181363577162607
567,000566.png,241.575,244.5335758437953,-2.958575843795302,1.2247028226411267
568,000567.png,241.5979,244.5709422960919,-2.9730422960919043,1.2305745604957263
569,000568.png,241.6234,244.6094284799364,-2.986028479936408,1.2358192459573072
570,000569.png,241.6612,244.69306746087176,-3.0318674608717515,1.2545942256645881
571,000570.png,241.705,244.74534948760459,-3.0403494876045727,1.2578761248648447
572,000571.png,241.7596,244.80668170114134,-3.0470817011413374,1.2603767135374717
573,000572.png,241.8206,244.88869123932903,-3.0680912393290214,1.2687468475923975
574,000573.png,241.8908,244.972294289768,-3.0814942897679884,1.2739195908930758
575,000574.png,241.985,245.1033805219025,-3.1183805219024805,1.2886668685672584
576,000575.png,242.0972,245.18554496119842,-3.0883449611984304,1.27566322997475
577,000576.png,242.2077,245.32503037698967,-3.1173303769896847,1.2870484204216814
578,000577.png,242.3512,245.52126956867968,-3.170069568679679,1.308047811886089
579,000578.png,242.4854,245.66450874143445,-3.1791087414344474,1.3110516102967218
580,000579.png,242.6616,245.87263700500208,-3.2110370050020833,1.3232571634746015
581,000580.png,242.8586,246.10604227022972,-3.247442270229726,1.3371740882265344
582,000581.png,243.0471,246.3255939640874,-3.278493964087403,1.348913014838442
583,000582.png,243.2941,246.56497084201723,-3.2708708420172456,1.3444102598530938
584,000583.png,243.565,246.84560853719913,-3.2806085371991287,1.34691295432395
585,000584.png,243.81,247.1074392285512,-3.297439228551184,1.3524626670568
586,000585.png,244.1218,247.4282700093624,-3.3064700093623856,1.3544345524907588
587,000586.png,244.4066,247.71461324649488,-3.3080132464948804,1.3534876907967626
588,000587.png,244.7706,248.06712055647898,-3.2965205564789812,1.346779619970283
589,000588.png,245.1641,248.44325382535075,-3.279153825350761,1.3375342578096716
590,000589.png,245.5349,248.8165725948892,-3.2816725948892156,1.336540180189951
591,000590.png,245.9798,249.27311247263071,-3.293312472630703,1.3388548460608158
592,000591.png,246.4412,249.716972838237,-3.2757728382370033,1.329231004489916
593,000592.png,246.8869,250.16049554279752,-3.2735955427975227,1.3259494703030104
594,000593.png,247.3819,250.65534998590152,-3.2734499859015216,1.3232374664037756
595,000594.png,247.8773,251.15208451976454,-3.2747845197645518,1.3211312692870836
596,000595.png,248.4226,251.6966637270954,-3.2740637270954096,1.3179411724599168
597,000596.png,248.9891,252.26770505035404,-3.278605050354031,1.316766497149486
598,000597.png,249.558,252.83048901888606,-3.2724890188860627,1.3113140107253876
599,000598.png,250.1686,253.43856175177177,-3.269961751771774,1.3071031903171597
600,000599.png,250.776,254.04577069826288,-3.2697706982628745,1.3038610944679212
601,000600.png,251.4059,254.6732719801202,-3.2673719801202026,1.2996401357805059
602,000601.png,252.0577,255.32272187994198,-3.265021879941969,1.295347009808456
603,000602.png,252.7243,255.9882620435459,-3.263962043545888,1.2915109641399296
604,000603.png,253.405,256.66817915307945,-3.2631791530794487,1.287732741295337
605,000604.png,254.1031,257.36497181444315,-3.26187181444314,1.283680448779704
606,000605.png,254.8169,258.07784759342906,-3.2609475934290515,1.2797218683019262
607,000606.png,255.5442,258.80445041634124,-3.2602504163412505,1.2758068531163105
608,000607.png,256.2902,259.54948273853773,-3.2592827385377063,1.2717157107597974
609,000608.png,257.0548,260.3109706857421,-3.25617068574212,1.2667223820532119
610,000609.png,257.8376,261.0903655318111,-3.2527655318110646,1.2615559297057777
611,000610.png,258.6323,261.88360007795967,-3.2513000779596837,1.257112927488053
612,000611.png,259.4409,262.69144808238497,-3.2505480823849666,1.2529050286153673
613,000612.png,260.2632,263.5081168494673,-3.2449168494673017,1.2467828142692867
614,000613.png,261.0941,264.33511296083543,-3.2410129608354055,1.2413198769468192
615,000614.png,261.9434,265.1838323628924,-3.2404323628924203,1.2370734910260843
616,000615.png,262.8078,266.0442135876477,-3.2364135876476894,1.2314754690110756
617,000616.png,263.6919,266.92587085630095,-3.233970856300971,1.2264202488969025
618,000617.png,264.5856,267.81784772511804,-3.232247725118043,1.2216264698902901
619,000618.png,265.4917,268.7226817425246,-3.230981742524648,1.2169803208630057
620,000619.png,266.4038,269.63284719511233,-3.2290471951123436,1.2120875134334959
621,000620.png,267.323,270.5504089542765,-3.227408954276541,1.2073068738105368
622,000621.png,268.2544,271.4798724394805,-3.2254724394805407,1.2023931161913992
623,000622.png,269.1985,272.4205172867621,-3.2220172867620818,1.1968927340836153
624,000623.png,270.1618,273.3829458793127,-3.221145879312644,1.1923024940286318
625,000624.png,271.1348,274.35003599085815,-3.2152359908581616,1.1858440859890216
626,000625.png,272.1219,275.3367092050779,-3.214809205077927,1.1813856970269307
627,000626.png,273.1257,276.33958178873525,-3.21388178873525,1.1767042752605303
628,000627.png,274.1347,277.346819612003,-3.2121196120029936,1.1717303982323264
629,000628.png,275.1423,278.35294174661215,-3.2106417466121684,1.1669022707930292
630,000629.png,276.1557,279.36382680371423,-3.208126803714208,1.1617094283095397
631,000630.png,277.1757,280.3820054826622,-3.2063054826621737,1.1567772653454735
632,000631.png,278.2078,281.4128325384249,-3.2050325384248595,1.1520282818903205
633,000632.png,279.2453,282.4498201479859,-3.2045201479859315,1.1475645778052241
634,000633.png,280.2936,283.4983783439864,-3.2047783439863906,1.1433647946247758
635,000634.png,281.3463,284.55003438768495,-3.2037343876849604,1.138715663822471
636,000635.png,282.3977,285.59719040005507,-3.1994904000550832,1.1329732501557495
637,000636.png,283.4464,286.64423804810383,-3.197838048103847,1.1281985052919519
638,000637.png,284.4978,287.69480920966436,-3.1970092096643725,1.123737761650309
639,000638.png,285.5557,288.75112848289336,-3.1954284828933623,1.1190210816640545
640,000639.png,286.6196,289.8159412584795,-3.1963412584794924,1.1151858625437663
641,000640.png,287.6852,290.88215950209394,-3.1969595020939323,1.1112700625871377
642,000641.png,288.7506,291.94897030889393,-3.1983703088939137,1.1076584114089854
643,000642.png,289.8109,293.01087384785103,-3.1999738478510267,1.1041592458568765
644,000643.png,290.8664,294.06523358949914,-3.198833589499145,1.0997604362343485
645,000644.png,291.9147,295.1014613611437,-3.1867613611437378,1.0916755343748492
646,000645.png,292.9596,296.1456606901504,-3.1860606901503843,1.087542681704366
647,000646.png,293.998,297.1811954910484,-3.183195491048423,1.0827269202676286
648,000647.png,295.0365,298.2173070549142,-3.1808070549142258,1.0781062868201818
649,000648.png,296.0719,299.2510703949679,-3.179170394967855,1.073783224604515
650,000649.png,297.107,300.2863911679281,-3.179391167928088,1.0701165465398284
651,000650.png,298.1391,301.3154573441924,-3.176357344192411,1.0653944230033603
652,000651.png,299.1656,302.34267403638813,-3.1770740363881487,1.0619783947045212
653,000652.png,300.1912,303.36818790557913,-3.1769879055791534,1.058321464979371
654,000653.png,301.2168,304.3922251051574,-3.1754251051574442,1.0541992030847696
655,000654.png,302.2463,305.4165153179948,-3.1702153179948027,1.0488847400265289
656,000655.png,303.2743,306.4421323438166,-3.167832343816599,1.044543617384196
657,000656.png,304.2939,307.45522245459335,-3.1613224545933463,1.0389043140836363
658,000657.png,305.3141,308.4733254727084,-3.1592254727083855,1.034746011634702
659,000658.png,306.3356,309.4910051092967,-3.15540510929668,1.0300484531659657
660,000659.png,307.3565,310.51090741284713,-3.1544074128471493,1.0263024900554079
661,000660.png,308.3783,311.53011857893165,-3.151818578931625,1.0220623756378528
662,000661.png,309.3998,312.5494185163683,-3.149618516368264,1.0179769076671232
663,000662.png,310.4297,313.5746521638544,-3.1449521638543843,1.0130964156633158
664,000663.png,311.4589,314.6017938400808,-3.1428938400807738,1.0090878250969144
665,000664.png,312.4903,315.6317217279536,-3.1414217279536274,1.005286157027475
666,000665.png,313.5254,316.6596326505277,-3.1342326505277356,0.9996742370882026
667,000666.png,314.5633,317.6917595903799,-3.1284595903798618,0.9945405552331952
668,000667.png,315.6082,318.7358666202643,-3.1276666202642787,0.9909966281814854
669,000668.png,316.6562,319.7818689924923,-3.125668992492308,0.9870859918398275
670,000669.png,317.7092,320.83541179267047,-3.1262117926704605,0.9839852899036164
671,000670.png,318.7691,321.89323110418036,-3.1241311041803783,0.9800608353132028
672,000671.png,319.8317,322.9556390117879,-3.123939011787911,0.976744647821936
673,000672.png,320.8931,324.0165921442354,-3.1234921442353993,0.9733746672132867
674,000673.png,321.966,325.0883149675751,-3.1223149675751074,0.9697654310005117
675,000674.png,323.0455,326.1671976156459,-3.1216976156458713,0.966333725634894
676,000675.png,324.1272,327.24903482139837,-3.121834821398352,0.9631511398606324
677,000676.png,325.2114,328.33182976791966,-3.1204297679196316,0.9595081131595113
678,000677.png,326.294,329.40995751046324,-3.115957510463261,0.9549539711006826
679,000678.png,327.3754,330.48690444966115,-3.1115044496611404,0.9504392968015131
680,000679.png,328.4521,331.5575488784686,-3.1054488784686214,0.9454799888533584
681,000680.png,329.5244,332.62739884753296,-3.1029988475329446,0.9416598126065762
682,000681.png,330.5939,333.69553726120034,-3.101637261200324,0.9382016005740951
683,000682.png,331.6621,334.76145446309266,-3.099354463092652,0.9344915994600084
684,000683.png,332.7313,335.82837574148147,-3.09707574148149,0.9308038472730068
685,000684.png,333.8025,336.89674476322523,-3.0942447632252197,0.9269687204934713
686,000685.png,334.8728,337.9587119857451,-3.085911985745099,0.9215176585691938
687,000686.png,335.9393,339.02462368868083,-3.0853236886808304,0.9184170142287105
688,000687.png,336.9952,340.07903151559157,-3.083831515591555,0.9150965698002688
689,000688.png,338.0469,341.12946929858504,-3.0825692985850424,0.911876221490285
690,000689.png,339.098,342.17706658833305,-3.079066588333035,0.9080167350833784
691,000690.png,340.1343,343.20163143500156,-3.067331435001563,0.9018000933753412
692,000691.png,341.1635,344.2310895197273,-3.067589519727278,0.8991552495291197
693,000692.png,342.1813,345.24573559299,-3.0644355929899803,0.8955590480806461
694,000693.png,343.1919,346.254701574657,-3.062801574657044,0.8924457642086088
695,000694.png,344.1923,347.25399628201313,-3.061696282013145,0.8895307309353361
696,000695.png,345.1844,348.2452902571532,-3.0608902571532326,0.8867406108599442
697,000696.png,346.169,349.22699417666206,-3.0579941766620777,0.883381867429515
698,000697.png,347.1442,350.1959569630609,-3.051756963060882,0.87910354344416
699,000698.png,348.1059,351.15599719110367,-3.050097191103646,0.8761980739492338
700,000699.png,349.0562,352.1033872824856,-3.047187282485595,0.8729789880499458
701,000700.png,349.9968,353.04371738191605,-3.046917381916046,0.8705557827717413
702,000701.png,350.925,353.9696813528204,-3.044681352820362,0.8676159728774986
703,000702.png,351.8411,354.88261621977904,-3.041516219779055,0.8644573416178654
704,000703.png,352.7376,355.7781263340881,-3.0405263340880992,0.8619796511877666
705,000704.png,353.6193,356.65601019709055,-3.0367101970905424,0.8587512607740986
706,000705.png,354.4884,357.5184041356897,-3.030004135689694,0.8547541007518705
707,000706.png,355.3388,358.36525600363103,-3.02645600363104,0.8517099747145654
708,000707.png,356.172,359.1956310371965,-3.0236310371964805,0.8489244065217031
709,000708.png,356.9824,360.00559379482587,-3.023193794825886,0.8468747464373274
710,000709.png,357.7702,360.7907877724832,-3.020587772483225,0.8442815451044343
711,000710.png,358.5447,361.5644934715284,-3.0197934715284305,0.8422362599498557
712,000711.png,359.2895,362.30935207956253,-3.019852079562554,0.840506633108553
713,000712.png,360.0121,363.0318320641619,-3.0197320641619285,0.8387862697286921
714,000713.png,360.7091,363.7274296429942,-3.0183296429942175,0.8367766832037832
715,000714.png,361.3777,364.3956968686009,-3.0179968686009033,0.8351364427303908
716,000715.png,362.0224,365.0400909549642,-3.0176909549642232,0.8335647062071914
717,000716.png,362.6482,365.6635100594616,-3.0153100594616262,0.8314697438072564
718,000717.png,363.254,366.2632163946486,-3.009216394648604,0.8284055769925738
719,000718.png,363.8417,366.849155983878,-3.0074559838780033,0.8265836444470228
720,000719.png,364.4048,367.4114529791228,-3.006652979122805,0.8250859975287935
721,000720.png,364.9459,367.94970991326136,-3.003809913261364,0.8230836168487888
722,000721.png,365.4565,368.4560005620108,-2.9995005620107804,0.8207544706444626
723,000722.png,365.9466,368.94383796143927,-2.997237961439282,0.8190369746403662
724,000723.png,366.4174,369.4143216085443,-2.996921608544312,0.8178982789966612
725,000724.png,366.8759,369.8615476650098,-2.9856476650098216,0.8138031593271243
726,000725.png,367.3221,370.30810844620095,-2.9860084462009695,0.8129128212544168
727,000726.png,367.7556,370.7201970917496,-2.9645970917495674,0.8061324128713654
728,000727.png,368.193,371.1568168048629,-2.9638168048629154,0.8049628333137554
729,000728.png,368.6282,371.5960884216712,-2.967888421671205,0.8051170316517307
730,000729.png,369.0442,372.00831850121665,-2.96411850121666,0.8031879382514779
731,000730.png,369.4708,372.4337475579121,-2.9629475579121163,0.8019436334108451
732,000731.png,369.8915,372.8481488196446,-2.956648819644613,0.7993286733122045
733,000732.png,370.2672,373.218465817037,-2.951265817036983,0.7970638006923063
734,000733.png,370.6619,373.6194728889244,-2.9575728889244033,0.7979166159037127
735,000734.png,371.0542,374.00873755537776,-2.954537555377783,0.7962549825275614
736,000735.png,371.3905,374.3002453213896,-2.9097453213896074,0.7834732771542643
737,000736.png,371.7584,374.65356217107,-2.8951621710700124,0.7787751859998354
738,000737.png,372.1192,375.03980911700796,-2.9206091170079844,0.784858485401448
739,000738.png,372.412,375.3534812877709,-2.9414812877708982,0.7898460006044108
740,000739.png,372.7666,375.69642677385013,-2.929826773850152,0.785968156441632
741,000740.png,373.1138,376.03936049220727,-2.9255604922072393,0.7840933495912613
742,000741.png,373.3813,376.25071456159566,-2.8694145615956472,0.7684944483281962
743,000742.png,373.6999,376.56121069689164,-2.8613106968916213,0.7656707151625198
744,000743.png,373.9226,376.8226036106852,-2.9000036106851894,0.7755625390616105
745,000744.png,374.1995,377.06560784063,-2.8661078406299794,0.7659304303265984
746,000745.png,374.4566,377.2768127432572,-2.8202127432572297,0.7531480933323729
747,000746.png,374.5891,377.44963107656906,-2.860531076569089,0.7636450384085092
748,000747.png,374.7754,377.62318194099345,-2.847781940993457,0.7598636252522062
749,000748.png,374.9355,377.7283801914251,-2.7928801914251267,0.7448961731884889
750,000749.png,374.9978,377.8353195328543,-2.837519532854344,0.7566763145955374
751,000750.png,375.1027,377.88685571432825,-2.7841557143282216,0.7422382495055944
752,000751.png,375.1528,377.90531911613357,-2.7525191161335556,0.733706136841723
753,000752.png,375.108,377.90712895400657,-2.7991289540065623,0.7462194765258439
754,000753.png,375.0885,377.87612532392916,-2.7876253239291486,0.7431913598868397
755,000754.png,375.0327,377.8613592173714,-2.82865921737141,0.7542433546118539
756,000755.png,374.9866,377.82299440212813,-2.8363944021281213,0.7563988692204258
757,000756.png,374.9304,377.7875076163012,-2.857107616301164,0.7620367983767558
758,000757.png,374.8624,377.7289421982698,-2.8665421982698263,0.7646918437991718
759,000758.png,374.7889,377.6752583219147,-2.886358321914713,0.7701290838428547
760,000759.png,374.7144,377.5486909836976,-2.834290983697599,0.756386993320139
761,000760.png,374.6461,377.4754903497134,-2.829390349713435,0.7552168165405793
762,000761.png,374.5824,377.42024648625335,-2.8378464862533406,0.7576027294003511
763,000762.png,374.5193,377.35470983759325,-2.835409837593261,0.7570797653400668
764,000763.png,374.4543,377.29971233630135,-2.845412336301365,0.7598824038878349
765,000764.png,374.3853,377.2308980546025,-2.845598054602533,0.7600720580115014
766,000765.png,374.312,377.1600215939777,-2.8480215939777054,0.7608683648875016
767,000766.png,374.2372,377.0784050112465,-2.8412050112465295,0.759198981620889
768,000767.png,374.1631,376.98688936354995,-2.823789363549963,0.7546947744312476
769,000768.png,374.089,376.9282727124798,-2.839272712479783,0.7589832132139098
770,000769.png,374.017,376.86877097770144,-2.851770977701449,0.7624709512405716
771,000770.png,373.9571,376.81007952291327,-2.8529795229132446,0.7629162604248574
772,000771.png,373.8909,376.74457666987774,-2.853676669877757,0.7632377974103561
773,000772.png,373.8277,376.6730047830381,-2.8453047830381024,0.7611273276533822
774,000773.png,373.7678,376.62241157882426,-2.854611578824233,0.763739299860564
775,000774.png,373.7174,376.5801539880149,-2.8627539880149016,0.7660210597673273
776,000775.png,373.6686,376.5430738379823,-2.8744738379822934,0.7692575287252643
777,000776.png,373.6186,376.5320455645751,-2.913445564575113,0.7797913606482956
778,000777.png,373.5706,376.50030872992977,-2.9297087299297573,0.7842449941001131
779,000778.png,373.5291,376.4582434652473,-2.9291434652472503,0.7841807948155177
780,000779.png,373.4909,376.4176048839929,-2.9267048839928975,0.7836080836220902
781,000780.png,373.4503,376.36310970402485,-2.9128097040248235,0.7799725168315097
782,000781.png,373.4089,376.29463330768374,-2.885733307683722,0.772807854254069
783,000782.png,373.372,376.28143722531763,-2.9094372253176175,0.7792328362377514
784,000783.png,373.3369,376.2243791741865,-2.887479174186467,0.7734245326905717
785,000784.png,373.2968,376.16474753483465,-2.8679475348346273,0.7682754137819094
786,000785.png,373.2575,376.13128117812545,-2.873781178125455,0.7699192054079168
787,000786.png,373.2173,376.119924605975,-2.9026246059749496,0.7777304551463583
788,000787.png,373.1742,376.07629737600803,-2.9020973760080437,0.7776789971032413
789,000788.png,373.1277,376.0318057082085,-2.9041057082084762,0.7783141557725348
790,000789.png,373.0824,375.9842312670434,-2.9018312670434057,0.7777990243022468
791,000790.png,373.0404,375.93232988678744,-2.891929886787466,0.7752323573498918
792,000791.png,372.9954,375.9193628657751,-2.9239628657750814,0.7839139211301484
793,000792.png,372.9496,375.88519533210984,-2.9355953321098696,0.7871292346499017
794,000793.png,372.905,375.8349887522968,-2.929988752296822,0.7857198890593642
795,000794.png,372.854,375.7919029698744,-2.937902969874415,0.787949966977534
796,000795.png,372.7971,375.754897910545,-2.9577979105450254,0.7934068989659591
797,000796.png,372.7365,375.6952137974468,-2.958713797446819,0.7937816117946108
798,000797.png,372.6685,375.6407674966443,-2.9722674966442924,0.7975633831794994
799,000798.png,372.5998,375.52352522661533,-2.9237252266153178,0.7846824465862079
800,000799.png,372.5323,375.41814490666565,-2.885844906665625,0.774656293337685
801,000800.png,372.4709,375.36425603502323,-2.8933560350232597,0.7768005594593457
802,000801.png,372.4021,375.21571888764925,-2.813618887649227,0.7555324977085861
803,000802.png,372.3333,375.14765896728704,-2.814358967287035,0.7558708735659783
804,000803.png,372.2717,375.0564564906624,-2.784756490662403,0.7480441007636097
805,000804.png,372.2087,374.959301304372,-2.750601304371969,0.7389943610592576
806,000805.png,372.1463,374.8974504861803,-2.751150486180279,0.7392658441533019
807,000806.png,372.0834,374.85140721842885,-2.7680072184288633,0.7439211796142648
808,000807.png,372.0284,374.7928894499285,-2.764489449928533,0.7430855950590151
809,000808.png,371.9759,374.7328711615315,-2.756971161531453,0.7411692965946054
810,000809.png,371.9277,374.69067133111895,-2.7629713311189334,0.7428786108480044
811,000810.png,371.8861,374.62887711627604,-2.742777116276045,0.7375314958736142
812,000811.png,371.8493,374.58719497363,-2.7378949736299774,0.7362915497299517
813,000812.png,371.8176,374.5569031501426,-2.7393031501425753,0.7367330514054674
814,000813.png,371.7873,374.51014308216435,-2.7228430821643315,0.7323658129700319
815,000814.png,371.7602,374.5129941462157,-2.752794146215706,0.7404757545901111
816,000815.png,371.7354,374.511151409678,-2.77575140967798,0.7467008548763394
817,000816.png,371.7185,374.49570885600923,-2.7772088560092243,0.7471268866115688
818,000817.png,371.7068,374.50009243056434,-2.7932924305643496,0.7514773554221633
819,000818.png,371.6974,374.4978276205021,-2.8004276205020915,0.7534159831363069
820,000819.png,371.6948,374.4500658344719,-2.7552658344719134,0.741271019791483
821,000820.png,371.698,374.4116707635406,-2.7136707635406196,0.7300740825994813
822,000821.png,371.7041,374.4796706033425,-2.775570603342544,0.7467150895947998
823,000822.png,371.7099,374.52820078814665,-2.8183007881466438,0.7581990116880513
824,000823.png,371.7181,374.51846538026047,-2.800365380260473,0.7533572834522917
825,000824.png,371.7253,374.53329930511404,-2.8079993051140377,0.7553963384020506
826,000825.png,371.7341,374.51318504494947,-2.779085044949454,0.7476002456996692
827,000826.png,371.742,374.47930164323844,-2.7373016432384247,0.7363444655805437
828,000827.png,371.7483,374.50523134913595,-2.756931349135982,0.741612362218195
829,000828.png,371.7553,374.513646477266,-2.7583464772660022,0.7419790591461648
830,000829.png,371.7554,374.6130054750886,-2.857605475088576,0.7686789418764531
831,000830.png,371.7538,374.63027575372564,-2.8764757537256287,0.7737582652082181
832,000831.png,371.7472,374.571747800353,-2.8245478003530025,0.7598033826086659
833,000832.png,371.7379,374.56898376832356,-2.8310837683235377,0.7615806105117443
834,000833.png,371.7213,374.53857450630795,-2.8172745063079674,0.7578996700775467
835,000834.png,371.7,374.5097219856172,-2.809721985617216,0.7559112148553178
836,000835.png,371.6732,374.4751726393108,-2.8019726393108044,0.7538807315972216
837,000836.png,371.6455,374.42951281145594,-2.7840128114559093,0.7491044049923675
838,000837.png,371.6101,374.38242308504687,-2.772323085046878,0.7460300688939505
839,000838.png,371.5706,374.33586831192133,-2.765268311921318,0.7442107400104631
840,000839.png,371.5277,374.3011646499374,-2.7734646499374094,0.7465027910267281
841,000840.png,371.484,374.1899212372421,-2.705921237242137,0.7284085552115669
842,000841.png,371.4388,374.17714771875416,-2.7383477187541416,0.7372271606396913
843,000842.png,371.389,374.12618818620035,-2.737188186200342,0.7370138012166062
844,000843.png,371.3324,374.07385242236865,-2.7414524223686385,0.7382745007892224
845,000844.png,371.2717,374.04688038019185,-2.7751803801918413,0.7474796436657686
846,000845.png,371.2114,373.9936980020793,-2.782298002079301,0.7495184690123474
847,000846.png,371.1501,373.95736014501813,-2.8072601450181196,0.7563678805470131
848,000847.png,371.0817,373.8726752190578,-2.7909752190577706,0.7521187973046827
849,000848.png,371.0055,373.8108961406982,-2.8053961406982353,0.7561602565725402
850,000849.png,370.9299,373.72872934803695,-2.798829348036975,0.7545440116951949
851,000850.png,370.8586,373.6651373569453,-2.8065373569452845,0.7567675003209537
852,000851.png,370.7887,373.6041927489208,-2.8154927489208035,0.7593253917718645
853,000852.png,370.7129,373.5766183672675,-2.863718367267495,0.7724895376631067
854,000853.png,370.6343,373.5265329612557,-2.892232961255729,0.7803468165940738
855,000854.png,370.5532,373.47816890996063,-2.9249689099606258,0.7893519499927745
856,000855.png,370.4698,373.412363768574,-2.9425637685739616,0.7942789853785548
857,000856.png,370.3837,373.3465313721852,-2.962831372185235,0.7999356808048613
858,000857.png,370.2999,373.28113191692853,-2.98123191692855,0.8050858012461116
859,000858.png,370.2185,373.2096431536907,-2.9911431536907003,0.8079399472718679
860,000859.png,370.1404,373.1480875929563,-3.0076875929563016,0.8125801973943676
861,000860.png,370.0636,373.09730987451894,-3.0337098745189337,0.8197806740568199
862,000861.png,369.9905,373.0105329581143,-3.0200329581143137,0.8162460814843391
863,000862.png,369.9157,372.93874805131003,-3.0230480513100133,0.8172262089200358
864,000863.png,369.8495,372.92817912032217,-3.0786791203221924,0.8324140279552068
865,000864.png,369.7875,372.82828409179865,-3.0407840917986277,0.8223058085518379
866,000865.png,369.7225,372.8436790066657,-3.1211790066656704,0.8441950399734045
867,000866.png,369.6572,372.8270485859444,-3.1698485859444077,0.8575103057493288
868,000867.png,369.5879,372.7925755318804,-3.2046755318804117,0.8670942776753275
869,000868.png,369.5175,372.72405032377765,-3.2065503237776625,0.8677668375050336
870,000869.png,369.4551,372.65142102869856,-3.1963210286985486,0.8651446491599516
871,000870.png,369.402,372.68672624097866,-3.284726240978671,0.8892009899726235
872,000871.png,369.3637,372.6920364315468,-3.328336431546802,0.9011000354249219
873,000872.png,369.3375,372.66834349120006,-3.330843491200085,0.9018427566115234
874,000873.png,369.3124,372.70395465559307,-3.3915546555930405,0.9183430222199526
875,000874.png,369.291,372.6690753793759,-3.3780753793759004,0.9147461972742095
876,000875.png,369.2685,372.71676206450115,-3.4482620645011366,0.9338088855402333
877,000876.png,369.251,372.7323955532687,-3.481395553268726,0.9428263033190774
878,000877.png,369.236,372.73305371496787,-3.497053714967876,0.9471052971454236
879,000878.png,369.2286,372.75553870399034,-3.5269387039903677,0.9552181775708513
880,000879.png,369.222,372.7548295584331,-3.532829558433093,0.9568307301388036
881,000880.png,369.2162,372.7618199678384,-3.545619967838377,0.9603099668536692
882,000881.png,369.2059,372.75515563266,-3.5492556326599924,0.961321482852791
883,000882.png,369.1913,372.75245401792887,-3.5611540179288568,0.9645823230203031
884,000883.png,369.1754,372.74720590707904,-3.5718059070790105,0.9675091858989007
885,000884.png,369.1613,372.75368038511897,-3.592380385118986,0.973119442671533
886,000885.png,369.151,372.75224779052934,-3.601247790529328,0.9755487024359485
887,000886.png,369.142,372.7622518279211,-3.620251827921095,0.9807206516519645
888,000887.png,369.1313,372.78909639576017,-3.6577963957601582,0.9909201402753325
889,000888.png,369.1167,372.8277196572375,-3.7110196572375003,1.0053784229316909
890,000889.png,369.0914,372.78806556070725,-3.696665560707231,1.0015583025524928
891,000890.png,369.063,372.7603875842597,-3.6973875842597295,1.001831011035983
892,000891.png,369.0262,372.73235852472965,-3.7061585247296307,1.0043076954236936
893,000892.png,368.984,372.68273931735746,-3.6987393173574787,1.0024118436998566
894,000893.png,368.9429,372.6512561049817,-3.7083561049817035,1.005130090586295
895,000894.png,368.9094,372.61551877146985,-3.7061187714698463,1.0046148922932965
896,000895.png,368.8734,372.61150386610217,-3.738103866102165,1.0133839594023764
897,000896.png,368.839,372.5956669419771,-3.7566669419770733,1.0185113130599186
898,000897.png,368.8004,372.55243258977595,-3.752032589775922,1.0173613124540868
899,000898.png,368.758,372.5028748279066,-3.744874827906642,1.0155372433700807
900,000899.png,368.7095,372.4483352945484,-3.7388352945483803,1.0140328075485932
901,000900.png,368.6537,372.3734059429482,-3.719705942948167,1.0089973172514386
902,000901.png,368.5981,372.3441942140928,-3.746094214092807,1.016308606607795
903,000902.png,368.5407,372.30559584990755,-3.764895849907532,1.0215685404373336
904,000903.png,368.4837,372.26934002254643,-3.7856400225464313,1.0273561686843764
905,000904.png,368.425,372.2310022402886,-3.806002240288592,1.0330466825781617
906,000905.png,368.3679,372.1954004981893,-3.827500498189295,1.0390428965687006
907,000906.png,368.3067,372.153037431336,-3.8463374313359964,1.044330019338773
908,000907.png,368.2417,372.10937680083714,-3.8676768008371596,1.0503092943675743
909,000908.png,368.1752,372.03753233911226,-3.8623323391122426,1.0490473934996822
910,000909.png,368.1108,371.97782034440064,-3.8670203444006575,1.0505044525726106
911,000910.png,368.0449,371.9332699426877,-3.8883699426876888,1.0564933633607447
912,000911.png,367.9845,371.87839649324417,-3.893896493244142,1.0581686166792736
913,000912.png,367.9298,371.85585738421065,-3.926057384210651,1.0670669742463512
914,000913.png,367.8737,371.7936987956395,-3.919998795639515,1.0655827789916799
915,000914.png,367.8205,371.7249244250132,-3.9044244250132465,1.0615026691044263
916,000915.png,367.7697,371.6797920530154,-3.9100920530153758,1.0631903751220875
917,000916.png,367.7206,371.6458195491198,-3.925219549119788,1.0674461939635114
918,000917.png,367.6707,371.605632730782,-3.934932730782009,1.070232882517429
919,000918.png,367.6228,371.54151356928264,-3.9187135692826587,1.0659604271777101
920,000919.png,367.5742,371.446647758381,-3.8724477583809858,1.0535145715833663
921,000920.png,367.5248,371.4389937180623,-3.914193718062279,1.0650148556130847
922,000921.png,367.4736,371.3763156773441,-3.9027156773441334,1.0620397430847095
923,000922.png,367.4265,371.34172238410116,-3.9152223841011846,1.06557975107979
924,000923.png,367.3848,371.3289630214442,-3.94416302144424,1.073578172380632
925,000924.png,367.3471,371.29966853682794,-3.9525685368279255,1.0759765183467966
926,000925.png,367.3055,371.2729625956222,-3.9674625956221803,1.080153331660479
927,000926.png,367.2694,371.2518112278956,-3.982411227895568,1.0843297121664828
928,000927.png,367.2374,371.246314006647,-4.008914006647046,1.0916409948025574
929,000928.png,367.2013,371.1688378069219,-3.9675378069218823,1.0804803269819256
930,000929.png,367.1608,371.1393421710147,-3.9785421710146807,1.083596661466769
931,000930.png,367.1185,371.1057808679282,-3.9872808679282343,1.0861018630028818
932,000931.png,367.076,371.0161818457341,-3.9401818457340596,1.0733967477399937
933,000932.png,367.0285,371.00102077204065,-3.972520772040639,1.0823466766315526
934,000933.png,366.9763,370.93544528631315,-3.9591452863131735,1.0788558515395064
935,000934.png,366.9279,370.9044428496581,-3.976542849658074,1.0837395710868738
936,000935.png,366.8763,370.86550572193835,-3.9892057219383332,1.0873435329396675
937,000936.png,366.8251,370.80320351562983,-3.9781035156298117,1.0844687333636143
938,000937.png,366.7708,370.76211965684496,-3.9913196568449507,1.0882326665167867
939,000938.png,366.7006,370.69996984077505,-3.9993698407750458,1.09063629587054
940,000939.png,366.6191,370.6175890260169,-3.998489026016898,1.0906384926527009
941,000940.png,366.5239,370.5240445874728,-4.000144587472789,1.0913734649971771
942,000941.png,366.3922,370.40278470682006,-4.010584706820055,1.0946151983639538
943,000942.png,366.2572,370.2442054797809,-3.987005479780862,1.0885807786934596
944,000943.png,366.1069,370.09571426715297,-3.988814267152975,1.0895217400035275
945,000944.png,365.8942,369.8902647596708,-3.9960647596707872,1.0921366776709736
946,000945.png,365.7009,369.6749675365311,-3.974067536531095,1.0866988668967168
947,000946.png,365.4859,369.4369901662522,-3.951090166252186,1.081051325441607
948,000947.png,365.1915,369.1784937978601,-3.986993797860066,1.0917542708031447
949,000948.png,364.9227,368.8818939132961,-3.959193913296076,1.0849404307531638
950,000949.png,364.6328,368.58428227444824,-3.951482274448267,1.0836881033325216
951,000950.png,364.2445,368.2455661908783,-4.001066190878305,1.0984561718511343
952,000951.png,363.9019,367.903820179211,-4.00192017921097,1.0997250025929983
953,000952.png,363.538,367.52859643134457,-3.9905964313445565,1.0977109494315744
954,000953.png,363.0652,367.104685325955,-4.039485325955013,1.1126060349367037
955,000954.png,362.6453,366.6772281032106,-4.031928103210589,1.1118103841992684
956,000955.png,362.1165,366.17825584972854,-4.06175584972857,1.121671022924548
957,000956.png,361.6515,365.7084927614732,-4.056992761473225,1.1217961937039456
958,000957.png,361.1633,365.22511354854055,-4.061813548540556,1.1246473682515794
959,000958.png,360.5806,364.66220937232134,-4.0816093723213385,1.1319547896701425
960,000959.png,360.0514,364.12858422718085,-4.077184227180851,1.1323894941613477
961,000960.png,359.4979,363.57680778623006,-4.078907786230047,1.1346124097609602
962,000961.png,358.8838,362.9774277862279,-4.0936277862278985,1.1406554952404926
963,000962.png,358.2971,362.39623412553664,-4.0991341255366365,1.144060090225859
964,000963.png,357.6756,361.7807755493589,-4.105175549358933,1.1477370973471304
965,000964.png,357.0554,361.1674329941498,-4.112032994149786,1.1516512547211961
966,000965.png,356.4193,360.53637398341647,-4.1170739834164465,1.1551209441846855
967,000966.png,355.7735,359.89534328841904,-4.121843288419029,1.1585582648564408
968,000967.png,355.1263,359.25292273603156,-4.12662273603155,1.162015524063284
969,000968.png,354.4658,358.5988064733657,-4.133006473365697,1.1659817317681131
970,000969.png,353.8009,357.94501247209695,-4.144112472096936,1.1713120209973844
971,000970.png,353.1204,357.27338982510764,-4.152989825107625,1.1760832353802342
972,000971.png,352.4225,356.58361527273195,-4.161115272731934,1.18071782384267
973,000972.png,351.7129,355.88231423741996,-4.169414237419971,1.1854595715482632
974,000973.png,350.9938,355.173023633117,-4.179223633116976,1.1906830357450688
975,000974.png,350.2608,354.44701400936447,-4.186214009364448,1.1951705727173718
976,000975.png,349.5157,353.709607697466,-4.193907697466045,1.1999196881473553
977,000976.png,348.7591,352.9618013401884,-4.202701340188412,1.2050442096531424
978,000977.png,347.9857,352.19488387105133,-4.209183871051323,1.2095852993531984
979,000978.png,347.1995,351.41803271737297,-4.218532717372966,1.2150169333115302
980,000979.png,346.3977,350.62446126599747,-4.226761265997482,1.2202047721441227
981,000980.png,345.585,349.82343784572214,-4.23843784572216,1.22645307108878
982,000981.png,344.7617,349.0074966008934,-4.245796600893357,1.2315163200823513
983,000982.png,343.9351,348.1853774187979,-4.250277418797907,1.235778906775699
984,000983.png,343.0956,347.35090241793904,-4.255302417939049,1.2402672660153757
985,000984.png,342.2456,346.50876233757447,-4.2631623375744425,1.245644162430267
986,000985.png,341.3784,345.64919847203043,-4.270798472030435,1.251045312776214
987,000986.png,340.4954,344.77661530187027,-4.2812153018702475,1.2573489397713589
988,000987.png,339.6007,343.889998652006,-4.289298652005982,1.2630417581606816
989,000988.png,338.6963,342.99575967431457,-4.299459674314562,1.2694144206224165
990,000989.png,337.7892,342.09827964935914,-4.309079649359148,1.275671232046243
991,000990.png,336.87,341.1881198391851,-4.318119839185101,1.281835675241221
992,000991.png,335.9488,340.27409829949016,-4.325298299490157,1.2874873491109826
993,000992.png,335.0194,339.3537239059494,-4.334323905949361,1.2937531098047936
994,000993.png,334.0884,338.43315923110293,-4.344759231102955,1.3004819176909332
995,000994.png,333.1545,337.50823681373134,-4.353736813731359,1.306822154205139
996,000995.png,332.2208,336.5804054104619,-4.3596054104618815,1.3122614268769088
997,000996.png,331.2957,335.6589324585856,-4.363232458585571,1.3170205525111165
998,000997.png,330.3728,334.74033593528634,-4.367535935286355,1.3220022760004322
999,000998.png,329.4393,333.81304388149437,-4.373743881494363,1.3276327024415007
1000,000999.png,328.5131,332.89322760553307,-4.380127605533062,1.3333190078365404
